<s:Envelope xmlns:s="http://www.w3.org/2003/05/soap-envelope" xmlns:a="http://www.w3.org/2005/08/addressing">
  <s:Header>
    <a:Action s:mustUnderstand="1">http://schemas.xmlsoap.org/ws/2004/09/transfer/Get</a:Action>
    <a:MessageID>urn:uuid:1ea1b446-d5a9-4217-b099-c6bb5b8bc7af</a:MessageID>
    <a:ReplyTo>
      <a:Address>http://www.w3.org/2005/08/addressing/anonymous</a:Address>
    </a:ReplyTo>
    <a:To s:mustUnderstand="1">http://pauline.informatik.tu-chemnitz.de/WcfAddService/Service1.svc/mex</a:To>
  </s:Header>
  <s:Body/>
</s:Envelope>